{
  "temperature": 0.7,
  "downfall": 0.5,
  "precipitation": "rain",
  "temperature_modifier": "none",
  "creature_spawn_probability": 1,
  "effects": {
    "sky_color": 1928188,
    "fog_color": 10332344,
    "water_color": 1465577,
    "water_fog_color": 394822,
    "grass_color": 427524,
    "foliage_color": 286211
  },
  "starts": [
    "wildupdate:birchtree_fallen_log_01",
    "wildupdate:birchtree_01"
  ],
  "spawners": {
    "water_creature": [
      {
        "type": "minecraft:axolotl",
        "weight": 1,
        "minCount": 0,
        "maxCount": 10
      }
    ]
  },
  "spawn_costs": {},
  "carvers": {},
  "features": [
    [
      "minecraft:birch_bees_0002",
      "minecraft:birch_tall",
      "minecraft:super_birch_bees",
      "minecraft:birch_bees_002",
      "minecraft:birch_checked",
      "minecraft:super_birch_bees_0002",
      "minecraft:trees_birch",
      "minecraft:trees_birch_and_oak",
      "minecraft:flower_forest_flowers",
      "minecraft:flower_default",
      "minecraft:flower_flower_forest",
      "minecraft:flower_meadow",
      "minecraft:flower_plain",
      "minecraft:flower_plains",
      "minecraft:flower_warm",
      "minecraft:forest_flowers",
      "minecraft:patch_sunflower",
      "minecraft:trees_flower_forest"
    ]
  ]
}
