{
  "ultrawarm": false,
  "natural": true,
  "piglin_safe": true,
  "respawn_anchor_works": false,
  "bed_works": true,
  "has_raids": true,
  "has_skylight": true,
  "has_ceiling": false,
  "coordinate_scale": 1,
  "ambient_light": 1,
  "logical_height": 383,
  "effects": "minecraft:overworld",
  "infiniburn": "#minecraft:infiniburn_overworld",
  "min_y": -64,
  "height": 384,
  "monster_spawn_block_light_limit": 7,
  "monster_spawn_light_level": {
    "type": "minecraft:uniform",
    "value": {
      "max_inclusive": 7,
      "min_inclusive": 0
    }
  }
}
