{
	"credit": "Made with Blockbench",
	"texture_size": [32, 32],
	"textures": {
		"0": "item/endportalplacer/endportalplacer",
		"particle": "item/endportalplacer/endportalplacer"
	},
	"elements": [
		{
			"from": [7.25, 1, 7.25],
			"to": [8.75, 15.25, 8.75],
			"rotation": {"angle": 0, "axis": "y", "origin": [8, 8.125, 8]},
			"faces": {
				"north": {"uv": [0, 0, 1, 7], "texture": "#0"},
				"east": {"uv": [1, 0, 2, 7], "texture": "#0"},
				"south": {"uv": [2, 0, 3, 7], "texture": "#0"},
				"west": {"uv": [3, 0, 4, 7], "texture": "#0"},
				"up": {"uv": [8, 1, 7, 0], "texture": "#0"},
				"down": {"uv": [2, 7, 1, 8], "texture": "#0"}
			}
		},
		{
			"from": [7.25, 1, 7.25],
			"to": [8.75, 15.25, 8.75],
			"rotation": {"angle": -45, "axis": "y", "origin": [8, 8.125, 8]},
			"faces": {
				"north": {"uv": [4, 0, 5, 7], "texture": "#0"},
				"east": {"uv": [5, 0, 6, 7], "texture": "#0"},
				"south": {"uv": [6, 0, 7, 7], "texture": "#0"},
				"west": {"uv": [0, 7, 1, 14], "texture": "#0"},
				"up": {"uv": [8, 2, 7, 1], "texture": "#0"},
				"down": {"uv": [3, 7, 2, 8], "texture": "#0"}
			}
		},
		{
			"from": [7, 0, 7],
			"to": [9, 1, 9],
			"rotation": {"angle": -22.5, "axis": "y", "origin": [8, 0.5, 8]},
			"faces": {
				"north": {"uv": [8, 0, 9, 0.5], "texture": "#0"},
				"east": {"uv": [8, 0.5, 9, 1], "texture": "#0"},
				"south": {"uv": [1, 8, 2, 8.5], "texture": "#0"},
				"west": {"uv": [8, 1, 9, 1.5], "texture": "#0"},
				"up": {"uv": [8, 3, 7, 2], "texture": "#0"},
				"down": {"uv": [4, 7, 3, 8], "texture": "#0"}
			}
		},
		{
			"from": [7, 15.25, 7],
			"to": [9, 16.25, 9],
			"rotation": {"angle": 22.5, "axis": "y", "origin": [8, 15.75, 8]},
			"faces": {
				"north": {"uv": [8, 1.5, 9, 2], "texture": "#0"},
				"east": {"uv": [2, 8, 3, 8.5], "texture": "#0"},
				"south": {"uv": [8, 2, 9, 2.5], "texture": "#0"},
				"west": {"uv": [8, 2.5, 9, 3], "texture": "#0"},
				"up": {"uv": [8, 4, 7, 3], "texture": "#0"},
				"down": {"uv": [5, 7, 4, 8], "texture": "#0"}
			}
		},
		{
			"from": [7, 20.5, 7],
			"to": [9, 22.5, 9],
			"rotation": {"angle": 22.5, "axis": "x", "origin": [8, 21.5, 8]},
			"faces": {
				"north": {"uv": [7, 4, 8, 5], "texture": "#0"},
				"east": {"uv": [5, 7, 6, 8], "texture": "#0"},
				"south": {"uv": [7, 5, 8, 6], "texture": "#0"},
				"west": {"uv": [6, 7, 7, 8], "texture": "#0"},
				"up": {"uv": [8, 7, 7, 6], "texture": "#0"},
				"down": {"uv": [8, 7, 7, 8], "texture": "#0"}
			}
		}
	],
	"groups": [
		{
			"name": "endportalplacer",
			"origin": [8, 8, 8],
			"color": 0,
			"nbt": "{}",
			"armAnimationEnabled": false,
			"children": [0, 1, 2, 3, 4]
		}
	]
}