{
    "name": "wildupdate:birchtree_fallen_log_01/birchtree_fallen_log_01",
    "fallback": "minecraft:empty",
    "elements": [
        {
            "weight": 1,
            "element": [
                {
                    "projection": "terrain_matching",
                    "element_type": "minecraft:single_pool_element",
                    "location": "wildupdate:birchtree_fallen_log_01/birchtree_fallen_log_01",
                    "processors": "minecraft:empty"
                },
                {
                    "projection": "terrain_matching",
                    "element_type": "minecraft:single_pool_element",
                    "location": "wildupdate:birchtree_fallen_log_02/birchtree_fallen_log_02",
                    "processors": "minecraft:empty"  
                },
                {
                    "projection": "terrain_matching",
                    "element_type": "minecraft:single_pool_element",
                    "location": "wildupdate:birchtree_fallen_log_03/birchtree_fallen_log_03",
                    "processors": "minecraft:empty"
                }
            ],
            "projection": "terrain_matching",
            "element_type": "list_pool_element"
        }
    ]
}